airport_iata,airport_name,domestic_domestic_minutes,domestic_international_minutes,international_domestic_minutes,international_international_minutes,interline_minutes,source,retrieved_date
MAA,Chennai International Airport,60,90,90.0,120,120.0,supplied mtc value.json,2026-10-04
BLR,Kempegowda International Airport,45,90,90.0,90,120.0,MinimumConnectionTime.com public India profile,2026-10-04
BOM,Chhatrapati Shivaji Maharaj International Airport,60,120,120.0,120,150.0,MinimumConnectionTime.com public India profile,2026-10-04
COK,Cochin International Airport,45,90,90.0,110,140.0,MinimumConnectionTime.com public India profile,2026-10-04
CJB,Coimbatore International Airport,45,90,,120,,MinimumConnectionTime.com public India profile,2026-10-04
IXA,Agartala - Maharaja Bir Bikram Airport,45,90,90.0,120,,MinimumConnectionTime.com public India profile,2026-10-04
IXR,Birsa Munda Airport,45,90,90.0,120,,MinimumConnectionTime.com public India profile,2026-10-04
CCJ,Calicut International Airport,45,90,90.0,120,,MinimumConnectionTime.com public India profile,2026-10-04
LKO,Chaudhary Charan Singh International Airport,60,90,90.0,120,,MinimumConnectionTime.com public India profile,2026-10-04
