airport_ident,runway_count,max_runway_length_ft,lighted_runways,closed_runways
VAAH,1,11499.0,1,0
VAAK,1,4600.0,0,0
VAAU,1,9314.0,1,0
VABB,2,11511.0,2,0
VABJ,1,8205.0,1,0
VABO,1,8100.0,1,0
VABP,2,9022.0,2,1
VABV,1,6300.0,1,0
VADN,2,5909.0,1,0
VAGN,1,3000.0,0,0
VAHS,1,9974.0,1,0
VAID,1,9035.0,1,0
VAJB,1,6522.0,1,0
VAJL,1,5577.0,1,0
VAJM,2,8242.0,1,0
VAKE,1,4997.0,0,0
VAKP,1,6332.0,1,0
VAKS,1,4500.0,1,0
VALT,1,7546.0,0,0
VAND,1,7546.0,1,0
VANP,2,10500.0,1,1
VAOZ,1,9843.0,1,0
VAPO,2,10000.0,1,0
VAPR,1,4500.0,0,0
VARG,1,6890.0,0,0
VARK,1,6040.0,1,0
VASD,1,8202.0,0,0
VASL,1,6591.0,0,0
VASU,1,9530.0,1,0
VAUD,1,7484.0,1,0
VEAN,1,3675.0,0,0
VEAT,2,7500.0,1,1
VEBD,1,9035.0,1,0
VEBG,1,4906.0,0,0
VEBI,1,6000.0,0,0
VEBN,1,9006.0,1,0
VEBS,2,9003.0,1,0
VEBU,1,5035.0,0,0
VECC,2,11919.0,2,0
VECO,1,3500.0,0,0
VEDB,1,3728.0,0,0
VEDG,1,9186.0,0,0
VEDH,1,9000.0,0,0
VEDO,1,2398.0,0,0
VEDZ,1,3030.0,0,0
VEGK,1,9000.0,1,0
VEGT,1,9000.0,1,0
VEGY,1,7500.0,1,0
VEIM,1,9009.0,1,0
VEJH,1,7844.0,0,0
VEJP,1,3937.0,0,0
VEJS,1,4010.0,0,0
VEJT,1,9000.0,1,0
VEKI,1,10500.0,0,0
VEKM,1,4500.0,0,0
VEKR,1,3300.0,0,0
VEKU,1,5993.0,1,0
VEKW,1,3000.0,0,0
VELP,1,8202.0,1,0
VELR,1,7500.0,1,0
VEMH,1,3600.0,0,0
VEMN,1,6000.0,1,0
VEMR,1,7513.0,1,0
VEMZ,1,3990.0,0,0
VEPG,1,3300.0,0,0
VEPT,1,6410.0,1,0
VERC,1,8855.0,1,0
VERK,1,5987.0,0,0
VETJ,1,4500.0,0,0
VETZ,1,9010.0,1,0
VEUK,1,3000.0,0,0
VEZO,1,4010.0,0,0
VIAG,2,9000.0,2,0
VIAH,1,4882.0,0,0
VIAR,1,12000.0,1,0
VIAX,1,9039.0,1,0
VIBK,1,8960.0,1,0
VIBR,1,3690.0,1,0
VIBT,1,9200.0,1,0
VIBY,1,9000.0,1,0
VICG,1,12467.0,1,0
VIDN,1,7000.0,1,0
VIDP,4,14534.0,3,0
VIDX,1,9000.0,1,0
VIGG,1,4620.0,0,0
VIGR,1,9000.0,1,0
VIHR,1,10236.0,1,0
VIHX,1,10007.0,1,0
VIJO,1,9005.0,1,0
VIJP,2,9177.0,1,0
VIJR,1,9000.0,0,0
VIJU,1,6700.0,1,0
VIKG,1,7060.0,0,0
VIKO,1,4078.0,0,0
VILD,1,4800.0,0,0
VILH,3,9040.0,1,2
VILK,1,8996.0,1,0
VIPK,1,8970.0,1,0
VIPT,1,4500.0,0,0
VISM,1,4035.0,0,0
VISR,1,12090.0,1,0
VISV,1,5019.0,1,0
VOAT,1,4235.0,0,0
VOBI,1,3630.0,0,0
VOBL,2,13123.0,2,0
VOBR,2,6955.0,2,0
VOBZ,1,11023.0,1,0
VOCB,1,8480.0,1,0
VOCI,1,11155.0,1,0
VOCL,1,9383.0,1,0
VOCP,1,6562.0,0,0
VOCX,1,8914.0,1,0
VOGA,1,11483.0,0,0
VOGB,1,10417.0,1,0
VOGO,1,11345.0,1,0
VOHS,2,13976.0,2,0
VOHY,1,10600.0,1,0
VOJV,1,5049.0,1,0
VOKN,1,10007.0,1,0
VOKU,1,6562.0,0,0
VOMD,2,5990.0,1,1
VOML,2,8035.0,2,1
VOMM,2,12001.0,2,0
VOMY,1,5709.0,0,0
VOPB,1,10795.0,1,0
VOPC,1,4921.0,0,0
VOPN,1,7315.0,1,0
VORY,1,10384.0,0,0
VOSM,1,5925.0,0,0
VOTJ,2,5680.0,0,0
VOTK,1,4434.0,0,0
VOTP,1,12500.0,1,0
VOTR,2,6115.0,1,1
VOTV,1,11148.0,1,0
VOWA,1,6000.0,0,0
