airport,terminal,deplaning_minutes,security_minutes,immigration_minutes,default_gate_walk_minutes,boarding_cutoff_minutes,source_type,source_note
DEL,ALL,10,12,0,15,20,estimated,AeroNex prototype estimate by airport size class; NOT an official airport measurement
BOM,ALL,10,12,0,14,20,estimated,AeroNex prototype estimate by airport size class; NOT an official airport measurement
BLR,ALL,10,12,0,12,20,estimated,AeroNex prototype estimate by airport size class; NOT an official airport measurement
MAA,ALL,10,10,0,10,20,estimated,AeroNex prototype estimate by airport size class; NOT an official airport measurement
HYD,ALL,10,10,0,12,20,estimated,AeroNex prototype estimate by airport size class; NOT an official airport measurement
CCU,ALL,10,10,0,10,20,estimated,AeroNex prototype estimate by airport size class; NOT an official airport measurement
COK,ALL,10,8,0,9,20,estimated,AeroNex prototype estimate by airport size class; NOT an official airport measurement
PNQ,ALL,10,8,0,7,20,estimated,AeroNex prototype estimate by airport size class; NOT an official airport measurement
AMD,ALL,10,8,0,8,20,estimated,AeroNex prototype estimate by airport size class; NOT an official airport measurement
GOI,ALL,10,8,0,7,20,estimated,AeroNex prototype estimate by airport size class; NOT an official airport measurement
JAI,ALL,10,8,0,7,20,estimated,AeroNex prototype estimate by airport size class; NOT an official airport measurement
LKO,ALL,10,8,0,7,20,estimated,AeroNex prototype estimate by airport size class; NOT an official airport measurement
TRV,ALL,10,8,0,7,20,estimated,AeroNex prototype estimate by airport size class; NOT an official airport measurement
IXM,ALL,10,8,0,5,20,estimated,AeroNex prototype estimate by airport size class; NOT an official airport measurement
BBI,ALL,10,8,0,6,20,estimated,AeroNex prototype estimate by airport size class; NOT an official airport measurement
GAU,ALL,10,8,0,7,20,estimated,AeroNex prototype estimate by airport size class; NOT an official airport measurement
PAT,ALL,10,8,0,6,20,estimated,AeroNex prototype estimate by airport size class; NOT an official airport measurement
NAG,ALL,10,8,0,6,20,estimated,AeroNex prototype estimate by airport size class; NOT an official airport measurement
VNS,ALL,10,8,0,6,20,estimated,AeroNex prototype estimate by airport size class; NOT an official airport measurement
DEFAULT,ALL,10,10,0,10,20,estimated,Fallback for airports without a row; NOT an official measurement
