flight_date,airline,flight_number,origin,destination,distance,scheduled_departure,scheduled_arrival,actual_departure,actual_arrival,departure_delay,arrival_delay,cancelled,diverted,airport_delay_rate,airline_delay_rate,route_delay_rate,airport_cancellation_rate,previous_flight_delay,scheduled_connection_minutes,minimum_connection_minutes,boarding_cutoff_minutes,gate_distance_meters,terminal_change,baggage_required,same_airline,same_ticket,connection_feasible_proxy
2025-01-09,Air India,AI749,BOM,MAA,1030,2025-01-09 07:30:00,2025-01-09 09:06:00,2025-01-09 07:55:00,2025-01-09 09:31:00,25.0,25.0,0,0,0.34545454545454546,0.3235294117647059,0.4444444444444444,0.0,0.0,75.0,60.0,20.0,519.0,0,1,0,0,0
2025-01-20,Air India,AI338,DEL,MAA,1760,2025-01-20 06:50:00,2025-01-20 09:20:00,,,,,1,0,0.22641509433962265,0.3235294117647059,0.125,0.03773584905660377,25.0,150.0,60.0,20.0,362.0,1,1,0,0,1
2025-01-25,Air India,AI285,DEL,PNQ,1180,2025-01-25 15:10:00,2025-01-25 16:57:00,2025-01-25 15:25:00,2025-01-25 17:12:00,15.0,15.0,0,0,0.22641509433962265,0.3235294117647059,0.0,0.03773584905660377,0.0,135.0,60.0,20.0,431.0,0,1,0,0,1
2025-01-25,Air India,AI497,DEL,CCU,1300,2025-01-25 17:00:00,2025-01-25 18:56:00,2025-01-25 17:40:00,2025-01-25 19:31:00,40.0,35.0,0,0,0.22641509433962265,0.3235294117647059,0.3333333333333333,0.03773584905660377,15.0,120.0,60.0,20.0,852.0,0,1,0,0,0
2025-01-30,Air India,AI198,DEL,HYD,1260,2025-01-30 07:15:00,2025-01-30 09:08:00,2025-01-30 07:15:00,2025-01-30 09:23:00,0.0,15.0,0,0,0.22641509433962265,0.3235294117647059,0.5,0.03773584905660377,40.0,120.0,60.0,20.0,793.0,1,1,0,0,0
2025-01-30,Air India,AI100,BOM,JAI,870,2025-01-30 07:45:00,2025-01-30 09:09:00,2025-01-30 07:55:00,2025-01-30 09:19:00,10.0,10.0,0,0,0.34545454545454546,0.3235294117647059,0.0,0.0,0.0,180.0,60.0,20.0,768.0,0,1,0,0,1
2025-01-30,Air India,AI384,BOM,DEL,1150,2025-01-30 19:40:00,2025-01-30 21:25:00,2025-01-30 20:50:00,2025-01-30 22:45:00,70.0,80.0,0,0,0.34545454545454546,0.3235294117647059,0.5,0.0,10.0,75.0,60.0,20.0,498.0,0,1,0,0,0
2025-02-05,Air India,AI637,DEL,LKO,440,2025-02-05 17:00:00,2025-02-05 17:53:00,2025-02-05 17:05:00,2025-02-05 17:58:00,5.0,5.0,0,0,0.22641509433962265,0.3235294117647059,0.25,0.03773584905660377,70.0,135.0,60.0,20.0,1156.0,0,1,0,0,1
2025-02-14,Air India,AI636,DEL,HYD,1260,2025-02-14 11:40:00,2025-02-14 13:33:00,2025-02-14 13:40:00,2025-02-14 15:33:00,120.0,120.0,0,0,0.22641509433962265,0.3235294117647059,0.5,0.03773584905660377,5.0,90.0,60.0,20.0,196.0,1,1,0,0,0
2025-02-18,Air India,AI588,BOM,GOI,430,2025-02-18 18:20:00,2025-02-18 19:12:00,2025-02-18 18:45:00,2025-02-18 19:32:00,25.0,20.0,0,0,0.34545454545454546,0.3235294117647059,0.4,0.0,120.0,75.0,60.0,20.0,477.0,0,1,0,0,0
2025-03-12,Air India,AI938,COK,MAA,640,2025-03-12 16:30:00,2025-03-12 17:37:00,2025-03-12 16:32:00,2025-03-12 17:39:00,2.0,2.0,0,0,0.0,0.3235294117647059,0.0,0.2857142857142857,25.0,120.0,60.0,20.0,229.0,0,1,0,0,1
2025-03-15,Air India,AI439,JAI,CCU,1433,2025-03-15 10:00:00,2025-03-15 12:06:00,2025-03-15 10:55:00,2025-03-15 12:56:00,55.0,50.0,0,0,0.38461538461538464,0.3235294117647059,1.0,0.0,2.0,180.0,60.0,20.0,473.0,0,1,0,0,1
2025-03-19,Air India,AI660,DEL,PNQ,1180,2025-03-19 07:00:00,2025-03-19 08:47:00,2025-03-19 07:08:00,2025-03-19 09:00:00,8.0,13.0,0,0,0.22641509433962265,0.3235294117647059,0.0,0.03773584905660377,55.0,150.0,60.0,20.0,1159.0,1,1,0,0,1
2025-03-19,Air India,AI736,DEL,BLR,1740,2025-03-19 08:40:00,2025-03-19 11:09:00,2025-03-19 08:35:00,2025-03-19 10:54:00,-5.0,-15.0,0,0,0.22641509433962265,0.3235294117647059,0.3333333333333333,0.03773584905660377,8.0,150.0,60.0,20.0,503.0,0,1,0,0,1
2025-03-24,Air India,AI960,LKO,DEL,440,2025-03-24 13:50:00,2025-03-24 14:43:00,2025-03-24 13:58:00,2025-03-24 14:51:00,8.0,8.0,0,0,0.375,0.3235294117647059,0.0,0.125,-5.0,150.0,60.0,20.0,1100.0,0,1,0,0,1
2025-03-25,Air India,AI507,BOM,JAI,870,2025-03-25 11:45:00,2025-03-25 13:09:00,2025-03-25 11:45:00,2025-03-25 12:59:00,0.0,-10.0,0,0,0.34545454545454546,0.3235294117647059,0.0,0.0,8.0,150.0,60.0,20.0,645.0,0,1,0,0,1
2025-04-04,Air India,AI271,HYD,GOI,339,2025-04-04 07:30:00,2025-04-04 08:15:00,2025-04-04 07:45:00,2025-04-04 08:20:00,15.0,5.0,0,0,0.18181818181818182,0.3235294117647059,0.0,0.0,0.0,120.0,60.0,20.0,870.0,0,1,0,0,1
2025-04-29,Air India,AI229,LKO,MAA,1339,2025-04-29 13:50:00,2025-04-29 15:49:00,2025-04-29 13:50:00,2025-04-29 15:44:00,0.0,-5.0,0,0,0.375,0.3235294117647059,0.0,0.125,15.0,75.0,60.0,20.0,603.0,0,1,0,0,0
2025-05-01,Air India,AI865,GOI,JAI,901,2025-05-01 18:10:00,2025-05-01 19:37:00,2025-05-01 18:10:00,2025-05-01 19:37:00,0.0,0.0,0,0,0.4444444444444444,0.3235294117647059,0.3333333333333333,0.0,0.0,150.0,60.0,20.0,392.0,0,1,0,0,1
2025-05-07,Air India,AI129,HYD,COK,1320,2025-05-07 16:30:00,2025-05-07 18:28:00,2025-05-07 16:55:00,2025-05-07 19:03:00,25.0,35.0,0,0,0.18181818181818182,0.3235294117647059,0.5,0.0,0.0,120.0,60.0,20.0,941.0,0,1,0,0,0
2025-05-16,Air India,AI739,BOM,LKO,1300,2025-05-16 07:20:00,2025-05-16 09:16:00,2025-05-16 08:15:00,2025-05-16 10:11:00,55.0,55.0,0,0,0.34545454545454546,0.3235294117647059,0.3333333333333333,0.0,25.0,120.0,60.0,20.0,1167.0,0,1,0,0,0
2025-06-15,Air India,AI446,DEL,PNQ,1180,2025-06-15 18:50:00,2025-06-15 20:37:00,2025-06-15 18:45:00,2025-06-15 20:32:00,-5.0,-5.0,0,0,0.22641509433962265,0.3235294117647059,0.0,0.03773584905660377,55.0,105.0,60.0,20.0,390.0,0,1,0,0,1
2025-07-06,Air India,AI571,BOM,PNQ,150,2025-07-06 08:15:00,2025-07-06 08:46:00,2025-07-06 09:25:00,2025-07-06 10:06:00,70.0,80.0,0,0,0.34545454545454546,0.3235294117647059,0.3333333333333333,0.0,-5.0,90.0,60.0,20.0,957.0,0,1,0,0,0
2025-07-15,Air India,AI178,AMD,LKO,1595,2025-07-15 17:30:00,2025-07-15 19:48:00,2025-07-15 17:42:00,2025-07-15 20:10:00,12.0,22.0,0,0,0.375,0.3235294117647059,0.5,0.0,70.0,180.0,60.0,20.0,387.0,0,1,0,0,1
2025-07-22,Air India,AI126,BOM,MAA,1030,2025-07-22 11:30:00,2025-07-22 13:06:00,2025-07-22 11:30:00,2025-07-22 13:06:00,0.0,0.0,0,0,0.34545454545454546,0.3235294117647059,0.4444444444444444,0.0,12.0,150.0,60.0,20.0,889.0,0,1,0,0,1
2025-07-27,Air India,AI252,JAI,MAA,871,2025-07-27 18:50:00,2025-07-27 20:15:00,2025-07-27 18:47:00,2025-07-27 20:02:00,-3.0,-13.0,0,0,0.38461538461538464,0.3235294117647059,0.5,0.0,0.0,135.0,60.0,20.0,968.0,0,1,0,0,1
2025-07-31,Air India,AI579,BLR,CCU,1560,2025-07-31 12:15:00,2025-07-31 14:31:00,2025-07-31 12:23:00,2025-07-31 14:54:00,8.0,23.0,0,0,0.2,0.3235294117647059,0.0,0.0,-3.0,105.0,60.0,20.0,594.0,0,1,0,0,0
2025-08-03,Air India,AI679,BOM,DEL,1150,2025-08-03 07:20:00,2025-08-03 09:05:00,2025-08-03 07:32:00,2025-08-03 09:22:00,12.0,17.0,0,0,0.34545454545454546,0.3235294117647059,0.5,0.0,8.0,75.0,60.0,20.0,911.0,0,1,0,0,0
2025-08-07,Air India,AI104,JAI,DEL,240,2025-08-07 06:10:00,2025-08-07 06:48:00,2025-08-07 06:07:00,2025-08-07 07:00:00,-3.0,12.0,0,0,0.38461538461538464,0.3235294117647059,0.0,0.0,12.0,150.0,60.0,20.0,399.0,0,1,0,0,1
2025-08-11,Air India,AI914,BOM,CCU,1660,2025-08-11 08:20:00,2025-08-11 10:43:00,2025-08-11 08:55:00,2025-08-11 11:33:00,35.0,50.0,0,0,0.34545454545454546,0.3235294117647059,0.25,0.0,-3.0,120.0,60.0,20.0,187.0,1,1,0,0,0
2025-08-14,Air India,AI876,MAA,GOI,826,2025-08-14 21:10:00,2025-08-14 22:31:00,2025-08-14 21:12:00,2025-08-14 22:33:00,2.0,2.0,0,0,0.2857142857142857,0.3235294117647059,0.0,0.0,35.0,120.0,60.0,20.0,206.0,0,1,0,0,1
2025-08-22,Air India,AI654,BOM,GOI,430,2025-08-22 09:50:00,2025-08-22 10:42:00,2025-08-22 09:52:00,2025-08-22 10:44:00,2.0,2.0,0,0,0.34545454545454546,0.3235294117647059,0.4,0.0,2.0,120.0,60.0,20.0,592.0,0,1,0,0,1
2025-09-05,Air India,AI739,CCU,HYD,1180,2025-09-05 20:00:00,2025-09-05 21:47:00,2025-09-05 20:02:00,2025-09-05 21:59:00,2.0,12.0,0,0,0.0,0.3235294117647059,0.0,0.0,2.0,90.0,60.0,20.0,1093.0,0,1,0,0,0
2025-09-21,Air India,AI366,GOI,CCU,1732,2025-09-21 19:15:00,2025-09-21 21:43:00,2025-09-21 19:40:00,2025-09-21 22:03:00,25.0,20.0,0,0,0.4444444444444444,0.3235294117647059,1.0,0.0,2.0,75.0,60.0,20.0,240.0,0,1,0,0,0
2025-01-04,AirAsia India,I5484,LKO,COK,1226,2025-01-04 16:50:00,2025-01-04 18:41:00,2025-01-04 18:50:00,2025-01-04 20:36:00,120.0,115.0,0,0,0.375,0.32142857142857145,1.0,0.125,0.0,120.0,60.0,20.0,601.0,1,1,0,0,0
2025-01-20,AirAsia India,I5410,DEL,MAA,1760,2025-01-20 07:15:00,2025-01-20 09:45:00,2025-01-20 07:17:00,2025-01-20 09:47:00,2.0,2.0,0,0,0.22641509433962265,0.32142857142857145,0.125,0.03773584905660377,120.0,180.0,60.0,20.0,875.0,0,1,0,0,1
2025-01-24,AirAsia India,I5167,LKO,BOM,1300,2025-01-24 19:40:00,2025-01-24 21:36:00,2025-01-24 20:50:00,2025-01-24 22:36:00,70.0,60.0,0,0,0.375,0.32142857142857145,1.0,0.125,2.0,75.0,60.0,20.0,322.0,1,1,0,0,0
2025-01-25,AirAsia India,I5235,COK,CCU,345,2025-01-25 17:20:00,2025-01-25 18:06:00,,,,,1,0,0.0,0.32142857142857145,0.0,0.2857142857142857,70.0,180.0,60.0,20.0,894.0,0,1,0,0,1
2025-01-30,AirAsia India,I5670,DEL,CCU,1300,2025-01-30 15:10:00,2025-01-30 17:06:00,2025-01-30 15:32:00,2025-01-30 17:23:00,22.0,17.0,0,0,0.22641509433962265,0.32142857142857145,0.3333333333333333,0.03773584905660377,0.0,150.0,60.0,20.0,436.0,0,1,0,0,1
2025-01-30,AirAsia India,I5282,BOM,MAA,1030,2025-01-30 16:40:00,2025-01-30 18:16:00,2025-01-30 17:20:00,2025-01-30 18:56:00,40.0,40.0,0,0,0.34545454545454546,0.32142857142857145,0.4444444444444444,0.0,22.0,90.0,60.0,20.0,990.0,0,1,0,0,0
2025-02-07,AirAsia India,I5718,DEL,HYD,1260,2025-02-07 15:00:00,2025-02-07 16:53:00,2025-02-07 15:05:00,2025-02-07 17:03:00,5.0,10.0,0,0,0.22641509433962265,0.32142857142857145,0.5,0.03773584905660377,40.0,135.0,60.0,20.0,737.0,0,1,0,0,1
2025-02-07,AirAsia India,I5538,DEL,CCU,1300,2025-02-07 18:15:00,2025-02-07 20:11:00,2025-02-07 18:15:00,2025-02-07 20:06:00,0.0,-5.0,0,0,0.22641509433962265,0.32142857142857145,0.3333333333333333,0.03773584905660377,5.0,90.0,60.0,20.0,702.0,0,1,0,0,1
2025-02-12,AirAsia India,I5317,LKO,GOI,507,2025-02-12 06:50:00,2025-02-12 07:48:00,2025-02-12 06:50:00,2025-02-12 07:58:00,0.0,10.0,0,0,0.375,0.32142857142857145,0.0,0.125,0.0,150.0,60.0,20.0,294.0,0,1,0,0,1
2025-02-14,AirAsia India,I5339,DEL,AMD,780,2025-02-14 19:30:00,2025-02-14 20:48:00,2025-02-14 19:35:00,2025-02-14 20:58:00,5.0,10.0,0,0,0.22641509433962265,0.32142857142857145,0.2,0.03773584905660377,0.0,135.0,60.0,20.0,609.0,1,1,0,0,1
2025-02-14,AirAsia India,I5458,BOM,PNQ,150,2025-02-14 20:50:00,2025-02-14 21:21:00,2025-02-14 20:58:00,2025-02-14 21:44:00,8.0,23.0,0,0,0.34545454545454546,0.32142857142857145,0.3333333333333333,0.0,5.0,105.0,60.0,20.0,1043.0,0,1,0,0,0
2025-02-22,AirAsia India,I5300,BLR,JAI,1801,2025-02-22 15:15:00,2025-02-22 17:48:00,2025-02-22 15:15:00,2025-02-22 17:48:00,0.0,0.0,0,0,0.2,0.32142857142857145,0.3333333333333333,0.0,8.0,75.0,60.0,20.0,121.0,1,1,0,0,0
2025-03-02,AirAsia India,I5624,GOI,BOM,430,2025-03-02 16:15:00,2025-03-02 17:07:00,2025-03-02 16:15:00,2025-03-02 17:07:00,0.0,0.0,0,0,0.4444444444444444,0.32142857142857145,0.0,0.0,0.0,180.0,60.0,20.0,935.0,0,1,0,0,1
2025-03-07,AirAsia India,I5274,AMD,DEL,780,2025-03-07 17:45:00,2025-03-07 19:03:00,2025-03-07 17:45:00,2025-03-07 19:13:00,0.0,10.0,0,0,0.375,0.32142857142857145,0.0,0.0,0.0,120.0,60.0,20.0,642.0,0,1,0,0,1
2025-03-19,AirAsia India,I5910,DEL,HYD,1260,2025-03-19 21:20:00,2025-03-19 23:13:00,2025-03-19 21:55:00,2025-03-19 23:48:00,35.0,35.0,0,0,0.22641509433962265,0.32142857142857145,0.5,0.03773584905660377,0.0,180.0,60.0,20.0,892.0,0,1,0,0,1
2025-03-23,AirAsia India,I5479,BLR,AMD,1020,2025-03-23 10:20:00,2025-03-23 11:56:00,2025-03-23 10:50:00,2025-03-23 12:16:00,30.0,20.0,0,0,0.2,0.32142857142857145,0.5,0.0,35.0,135.0,60.0,20.0,830.0,0,1,0,0,1
2025-04-24,AirAsia India,I5735,BLR,JAI,1457,2025-04-24 15:20:00,2025-04-24 17:28:00,2025-04-24 15:20:00,2025-04-24 17:23:00,0.0,-5.0,0,0,0.2,0.32142857142857145,0.3333333333333333,0.0,30.0,150.0,60.0,20.0,575.0,0,1,0,0,1
2025-04-28,AirAsia India,I5795,HYD,JAI,832,2025-04-28 08:10:00,2025-04-28 09:32:00,2025-04-28 08:12:00,2025-04-28 09:44:00,2.0,12.0,0,0,0.18181818181818182,0.32142857142857145,0.0,0.0,0.0,150.0,60.0,20.0,439.0,1,1,0,0,1
2025-05-11,AirAsia India,I5153,AMD,LKO,1706,2025-05-11 06:00:00,2025-05-11 08:26:00,2025-05-11 08:00:00,2025-05-11 10:41:00,120.0,135.0,0,0,0.375,0.32142857142857145,0.5,0.0,2.0,90.0,60.0,20.0,790.0,0,1,0,0,0
2025-06-11,AirAsia India,I5711,BOM,BLR,840,2025-06-11 06:40:00,2025-06-11 08:02:00,2025-06-11 08:10:00,2025-06-11 09:22:00,90.0,80.0,0,0,0.34545454545454546,0.32142857142857145,0.16666666666666666,0.0,120.0,105.0,60.0,20.0,254.0,0,1,0,0,0
2025-06-15,AirAsia India,I5310,DEL,GOI,1500,2025-06-15 18:40:00,2025-06-15 20:51:00,2025-06-15 19:50:00,2025-06-15 22:16:00,70.0,85.0,0,0,0.22641509433962265,0.32142857142857145,0.3333333333333333,0.03773584905660377,90.0,120.0,60.0,20.0,743.0,0,1,0,0,0
2025-06-18,AirAsia India,I5715,HYD,PNQ,1261,2025-06-18 10:45:00,2025-06-18 12:38:00,2025-06-18 10:55:00,2025-06-18 12:48:00,10.0,10.0,0,0,0.18181818181818182,0.32142857142857145,0.0,0.0,70.0,120.0,60.0,20.0,204.0,0,1,0,0,1
2025-07-07,AirAsia India,I5125,BOM,COK,1050,2025-07-07 08:00:00,2025-07-07 09:38:00,2025-07-07 08:08:00,2025-07-07 09:46:00,8.0,8.0,0,0,0.34545454545454546,0.32142857142857145,0.6666666666666666,0.0,10.0,75.0,60.0,20.0,815.0,1,1,0,0,0
2025-07-07,AirAsia India,I5499,BOM,BLR,840,2025-07-07 19:10:00,2025-07-07 20:32:00,2025-07-07 19:15:00,2025-07-07 20:37:00,5.0,5.0,0,0,0.34545454545454546,0.32142857142857145,0.16666666666666666,0.0,8.0,120.0,60.0,20.0,792.0,0,1,0,0,1
2025-07-13,AirAsia India,I5768,DEL,COK,2130,2025-07-13 08:00:00,2025-07-13 10:58:00,2025-07-13 08:12:00,2025-07-13 11:20:00,12.0,22.0,0,0,0.22641509433962265,0.32142857142857145,0.0,0.03773584905660377,5.0,90.0,60.0,20.0,192.0,0,1,0,0,0
2025-08-03,AirAsia India,I5510,DEL,MAA,1760,2025-08-03 10:20:00,2025-08-03 12:50:00,2025-08-03 10:22:00,2025-08-03 12:42:00,2.0,-8.0,0,0,0.22641509433962265,0.32142857142857145,0.125,0.03773584905660377,12.0,150.0,60.0,20.0,933.0,0,1,0,0,1
2025-09-01,AirAsia India,I5351,HYD,COK,1644,2025-09-01 17:10:00,2025-09-01 19:32:00,2025-09-01 17:15:00,2025-09-01 19:37:00,5.0,5.0,0,0,0.18181818181818182,0.32142857142857145,0.5,0.0,2.0,135.0,60.0,20.0,557.0,0,1,0,0,1
2025-09-23,AirAsia India,I5475,LKO,MAA,1409,2025-09-23 08:40:00,2025-09-23 10:44:00,2025-09-23 08:50:00,2025-09-23 11:09:00,10.0,25.0,0,0,0.375,0.32142857142857145,0.0,0.125,5.0,180.0,60.0,20.0,966.0,0,1,0,0,1
2025-01-05,Akasa Air,QP921,AMD,BLR,954,2025-01-05 12:15:00,2025-01-05 13:46:00,2025-01-05 12:17:00,2025-01-05 13:48:00,2.0,2.0,0,0,0.375,0.4,0.0,0.0,0.0,150.0,60.0,20.0,145.0,1,1,0,0,1
2025-01-18,Akasa Air,QP456,GOI,JAI,1655,2025-01-18 19:40:00,2025-01-18 22:03:00,2025-01-18 19:48:00,2025-01-18 22:16:00,8.0,13.0,0,0,0.4444444444444444,0.4,0.3333333333333333,0.0,2.0,105.0,60.0,20.0,297.0,0,1,0,0,1
2025-01-30,Akasa Air,QP305,DEL,MAA,1760,2025-01-30 12:20:00,2025-01-30 14:50:00,2025-01-30 12:45:00,2025-01-30 15:30:00,25.0,40.0,0,0,0.22641509433962265,0.4,0.125,0.03773584905660377,8.0,180.0,60.0,20.0,643.0,0,1,0,0,1
2025-02-07,Akasa Air,QP613,BOM,MAA,1030,2025-02-07 10:40:00,2025-02-07 12:16:00,2025-02-07 11:20:00,2025-02-07 12:46:00,40.0,30.0,0,0,0.34545454545454546,0.4,0.4444444444444444,0.0,25.0,105.0,60.0,20.0,307.0,0,1,0,0,0
2025-02-14,Akasa Air,QP719,BOM,MAA,1030,2025-02-14 14:50:00,2025-02-14 16:26:00,2025-02-14 14:52:00,2025-02-14 16:18:00,2.0,-8.0,0,0,0.34545454545454546,0.4,0.4444444444444444,0.0,40.0,105.0,60.0,20.0,463.0,0,1,0,0,1
2025-03-06,Akasa Air,QP957,HYD,MAA,520,2025-03-06 06:50:00,2025-03-06 07:49:00,2025-03-06 07:02:00,2025-03-06 08:01:00,12.0,12.0,0,0,0.18181818181818182,0.4,0.0,0.0,2.0,180.0,60.0,20.0,827.0,0,1,0,0,1
2025-03-21,Akasa Air,QP353,GOI,BLR,500,2025-03-21 13:40:00,2025-03-21 14:37:00,2025-03-21 14:15:00,2025-03-21 15:12:00,35.0,35.0,0,0,0.4444444444444444,0.4,1.0,0.0,12.0,105.0,60.0,20.0,259.0,0,1,0,0,0
2025-04-20,Akasa Air,QP367,AMD,GOI,1871,2025-04-20 11:45:00,2025-04-20 14:24:00,2025-04-20 12:40:00,2025-04-20 15:24:00,55.0,60.0,0,0,0.375,0.4,0.5,0.0,35.0,75.0,60.0,20.0,846.0,0,1,0,0,0
2025-04-20,Akasa Air,QP249,BOM,PNQ,150,2025-04-20 14:40:00,2025-04-20 15:11:00,2025-04-20 14:48:00,2025-04-20 15:14:00,8.0,3.0,0,0,0.34545454545454546,0.4,0.3333333333333333,0.0,55.0,120.0,60.0,20.0,213.0,0,1,0,0,1
2025-04-30,Akasa Air,QP209,BOM,DEL,1150,2025-04-30 17:50:00,2025-04-30 19:35:00,2025-04-30 17:55:00,2025-04-30 19:40:00,5.0,5.0,0,0,0.34545454545454546,0.4,0.5,0.0,8.0,150.0,60.0,20.0,292.0,0,1,0,0,1
2025-05-07,Akasa Air,QP310,PNQ,BOM,150,2025-05-07 09:10:00,2025-05-07 09:41:00,2025-05-07 11:10:00,2025-05-07 11:56:00,120.0,135.0,0,0,0.3333333333333333,0.4,1.0,0.0,5.0,90.0,60.0,20.0,746.0,1,1,0,0,0
2025-05-08,Akasa Air,QP290,JAI,MAA,1477,2025-05-08 19:40:00,2025-05-08 21:49:00,2025-05-08 20:15:00,2025-05-08 22:29:00,35.0,40.0,0,0,0.38461538461538464,0.4,0.5,0.0,120.0,120.0,60.0,20.0,973.0,0,1,0,0,0
2025-06-15,Akasa Air,QP997,BOM,PNQ,150,2025-06-15 12:20:00,2025-06-15 12:51:00,2025-06-15 12:45:00,2025-06-15 13:31:00,25.0,40.0,0,0,0.34545454545454546,0.4,0.3333333333333333,0.0,35.0,75.0,60.0,20.0,287.0,0,1,0,0,0
2025-06-16,Akasa Air,QP727,BOM,AMD,440,2025-06-16 18:20:00,2025-06-16 19:13:00,2025-06-16 18:28:00,2025-06-16 19:26:00,8.0,13.0,0,0,0.34545454545454546,0.4,0.6,0.0,25.0,135.0,60.0,20.0,430.0,1,1,0,0,1
2025-06-20,Akasa Air,QP877,HYD,AMD,799,2025-06-20 17:45:00,2025-06-20 19:04:00,2025-06-20 18:10:00,2025-06-20 19:19:00,25.0,15.0,0,0,0.18181818181818182,0.4,1.0,0.0,8.0,120.0,60.0,20.0,1118.0,0,1,0,0,1
2025-07-07,Akasa Air,QP951,BOM,DEL,1150,2025-07-07 17:10:00,2025-07-07 18:55:00,2025-07-07 18:20:00,2025-07-07 20:00:00,70.0,65.0,0,0,0.34545454545454546,0.4,0.5,0.0,25.0,105.0,60.0,20.0,1189.0,0,1,0,0,0
2025-07-07,Akasa Air,QP509,BOM,MAA,1030,2025-07-07 21:50:00,2025-07-07 23:26:00,2025-07-07 21:50:00,2025-07-07 23:41:00,0.0,15.0,0,0,0.34545454545454546,0.4,0.4444444444444444,0.0,70.0,90.0,60.0,20.0,739.0,0,1,0,0,0
2025-07-12,Akasa Air,QP135,PNQ,DEL,1180,2025-07-12 17:10:00,2025-07-12 18:57:00,2025-07-12 17:05:00,2025-07-12 18:47:00,-5.0,-10.0,0,0,0.3333333333333333,0.4,0.5,0.0,0.0,120.0,60.0,20.0,592.0,0,1,0,0,1
2025-07-20,Akasa Air,QP870,COK,HYD,1286,2025-07-20 08:20:00,2025-07-20 10:15:00,2025-07-20 08:15:00,2025-07-20 10:15:00,-5.0,0.0,0,0,0.0,0.4,0.0,0.2857142857142857,-5.0,135.0,60.0,20.0,481.0,0,1,0,0,1
2025-07-22,Akasa Air,QP244,DEL,HYD,1260,2025-07-22 17:10:00,2025-07-22 19:03:00,2025-07-22 17:12:00,2025-07-22 19:10:00,2.0,7.0,0,0,0.22641509433962265,0.4,0.5,0.03773584905660377,-5.0,180.0,60.0,20.0,774.0,0,1,0,0,1
2025-08-08,Akasa Air,QP851,COK,JAI,1464,2025-08-08 18:15:00,2025-08-08 20:23:00,2025-08-08 18:25:00,2025-08-08 20:48:00,10.0,25.0,0,0,0.0,0.4,0.0,0.2857142857142857,2.0,120.0,60.0,20.0,750.0,0,1,0,0,1
2025-08-11,Akasa Air,QP557,BOM,HYD,620,2025-08-11 07:45:00,2025-08-11 08:51:00,2025-08-11 07:42:00,2025-08-11 08:48:00,-3.0,-3.0,0,0,0.34545454545454546,0.4,0.0,0.0,10.0,90.0,60.0,20.0,424.0,0,1,0,0,1
2025-08-11,Akasa Air,QP527,DEL,LKO,440,2025-08-11 17:45:00,2025-08-11 18:38:00,2025-08-11 17:53:00,2025-08-11 19:01:00,8.0,23.0,0,0,0.22641509433962265,0.4,0.25,0.03773584905660377,-3.0,150.0,60.0,20.0,125.0,0,1,0,0,1
2025-08-20,Akasa Air,QP668,JAI,CCU,1589,2025-08-20 18:10:00,2025-08-20 20:28:00,2025-08-20 19:20:00,2025-08-20 21:53:00,70.0,85.0,0,0,0.38461538461538464,0.4,1.0,0.0,8.0,135.0,60.0,20.0,266.0,0,1,0,0,0
2025-09-27,Akasa Air,QP667,CCU,AMD,815,2025-09-27 09:30:00,2025-09-27 10:50:00,2025-09-27 09:35:00,2025-09-27 11:00:00,5.0,10.0,0,0,0.0,0.4,0.0,0.0,70.0,135.0,60.0,20.0,1155.0,0,1,0,0,1
2025-01-10,Go First,G8984,PNQ,LKO,717,2025-01-10 14:20:00,2025-01-10 15:33:00,2025-01-10 14:25:00,2025-01-10 15:28:00,5.0,-5.0,0,0,0.3333333333333333,0.2,0.0,0.0,0.0,75.0,60.0,20.0,560.0,0,1,0,0,0
2025-02-07,Go First,G8928,DEL,PNQ,1180,2025-02-07 19:20:00,2025-02-07 21:07:00,2025-02-07 19:25:00,2025-02-07 21:12:00,5.0,5.0,0,0,0.22641509433962265,0.2,0.0,0.03773584905660377,5.0,105.0,60.0,20.0,631.0,0,1,0,0,1
2025-02-14,Go First,G8809,BOM,LKO,1300,2025-02-14 12:15:00,2025-02-14 14:11:00,2025-02-14 12:30:00,2025-02-14 14:26:00,15.0,15.0,0,0,0.34545454545454546,0.2,0.3333333333333333,0.0,5.0,150.0,60.0,20.0,614.0,1,1,0,0,1
2025-02-25,Go First,G8848,DEL,MAA,1760,2025-02-25 17:50:00,2025-02-25 20:20:00,2025-02-25 18:00:00,2025-02-25 20:35:00,10.0,15.0,0,0,0.22641509433962265,0.2,0.125,0.03773584905660377,15.0,150.0,60.0,20.0,961.0,1,1,0,0,1
2025-03-07,Go First,G8741,JAI,MAA,503,2025-03-07 11:45:00,2025-03-07 12:42:00,2025-03-07 11:42:00,2025-03-07 12:29:00,-3.0,-13.0,0,0,0.38461538461538464,0.2,0.5,0.0,10.0,120.0,60.0,20.0,171.0,0,1,0,0,1
2025-04-16,Go First,G8240,MAA,BLR,290,2025-04-16 20:20:00,2025-04-16 21:01:00,2025-04-16 20:20:00,2025-04-16 20:51:00,0.0,-10.0,0,0,0.2857142857142857,0.2,0.0,0.0,-3.0,150.0,60.0,20.0,191.0,0,1,0,0,1
2025-04-19,Go First,G8268,PNQ,AMD,1260,2025-04-19 08:10:00,2025-04-19 10:03:00,2025-04-19 08:10:00,2025-04-19 10:13:00,0.0,10.0,0,0,0.3333333333333333,0.2,0.0,0.0,0.0,150.0,60.0,20.0,403.0,0,1,0,0,1
2025-04-20,Go First,G8126,DEL,PNQ,1180,2025-04-20 07:20:00,2025-04-20 09:07:00,2025-04-20 07:20:00,2025-04-20 09:07:00,0.0,0.0,0,0,0.22641509433962265,0.2,0.0,0.03773584905660377,0.0,105.0,60.0,20.0,635.0,0,1,0,0,1
2025-04-20,Go First,G8144,BOM,PNQ,150,2025-04-20 11:40:00,2025-04-20 12:11:00,2025-04-20 11:40:00,2025-04-20 12:21:00,0.0,10.0,0,0,0.34545454545454546,0.2,0.3333333333333333,0.0,0.0,180.0,60.0,20.0,838.0,0,1,0,0,1
2025-04-22,Go First,G8187,MAA,JAI,1823,2025-04-22 18:00:00,2025-04-22 20:35:00,2025-04-22 18:25:00,2025-04-22 20:55:00,25.0,20.0,0,0,0.2857142857142857,0.2,1.0,0.0,0.0,105.0,60.0,20.0,640.0,0,1,0,0,0
2025-05-13,Go First,G8672,LKO,COK,1103,2025-05-13 09:50:00,2025-05-13 11:32:00,2025-05-13 10:08:00,2025-05-13 11:50:00,18.0,18.0,0,0,0.375,0.2,1.0,0.125,25.0,90.0,60.0,20.0,585.0,0,1,0,0,0
2025-06-02,Go First,G8302,GOI,BOM,430,2025-06-02 17:20:00,2025-06-02 18:12:00,2025-06-02 17:28:00,2025-06-02 18:10:00,8.0,-2.0,0,0,0.4444444444444444,0.2,0.0,0.0,18.0,135.0,60.0,20.0,1132.0,0,1,0,0,1
2025-06-15,Go First,G8396,DEL,COK,2130,2025-06-15 17:10:00,2025-06-15 20:08:00,2025-06-15 17:18:00,2025-06-15 20:16:00,8.0,8.0,0,0,0.22641509433962265,0.2,0.0,0.03773584905660377,8.0,135.0,60.0,20.0,277.0,0,1,0,0,1
2025-07-18,Go First,G8801,HYD,PNQ,1710,2025-07-18 15:20:00,2025-07-18 17:47:00,2025-07-18 15:20:00,2025-07-18 17:37:00,0.0,-10.0,0,0,0.18181818181818182,0.2,0.0,0.0,8.0,75.0,60.0,20.0,729.0,0,1,0,0,0
2025-07-19,Go First,G8882,BLR,JAI,1617,2025-07-19 13:50:00,2025-07-19 16:10:00,2025-07-19 15:20:00,2025-07-19 17:35:00,90.0,85.0,0,0,0.2,0.2,0.3333333333333333,0.0,0.0,150.0,60.0,20.0,697.0,1,1,0,0,0
2025-07-22,Go First,G8352,BOM,BLR,840,2025-07-22 09:00:00,2025-07-22 10:22:00,2025-07-22 08:55:00,2025-07-22 10:32:00,-5.0,10.0,0,0,0.34545454545454546,0.2,0.16666666666666666,0.0,90.0,90.0,60.0,20.0,621.0,0,1,0,0,0
2025-07-22,Go First,G8894,DEL,MAA,1760,2025-07-22 17:40:00,2025-07-22 20:10:00,2025-07-22 17:40:00,2025-07-22 20:25:00,0.0,15.0,0,0,0.22641509433962265,0.2,0.125,0.03773584905660377,-5.0,150.0,60.0,20.0,989.0,1,1,0,0,1
2025-08-01,Go First,G8932,JAI,LKO,914,2025-08-01 20:15:00,2025-08-01 21:43:00,2025-08-01 20:12:00,2025-08-01 21:50:00,-3.0,7.0,0,0,0.38461538461538464,0.2,0.0,0.0,0.0,75.0,60.0,20.0,393.0,0,1,0,0,0
2025-08-03,Go First,G8599,DEL,BLR,1740,2025-08-03 17:50:00,2025-08-03 20:19:00,2025-08-03 17:47:00,2025-08-03 20:06:00,-3.0,-13.0,0,0,0.22641509433962265,0.2,0.3333333333333333,0.03773584905660377,-3.0,150.0,60.0,20.0,1150.0,1,1,0,0,1
2025-08-11,Go First,G8715,BOM,MAA,1030,2025-08-11 06:00:00,2025-08-11 07:36:00,2025-08-11 06:08:00,2025-08-11 07:44:00,8.0,8.0,0,0,0.34545454545454546,0.2,0.4444444444444444,0.0,-3.0,150.0,60.0,20.0,465.0,1,1,0,0,1
2025-08-11,Go First,G8607,DEL,BOM,1150,2025-08-11 18:50:00,2025-08-11 20:35:00,2025-08-11 19:08:00,2025-08-11 20:53:00,18.0,18.0,0,0,0.22641509433962265,0.2,0.6666666666666666,0.03773584905660377,8.0,150.0,60.0,20.0,700.0,1,1,0,0,1
2025-09-08,Go First,G8576,DEL,LKO,440,2025-09-08 10:50:00,2025-09-08 11:43:00,2025-09-08 10:58:00,2025-09-08 12:06:00,8.0,23.0,0,0,0.22641509433962265,0.2,0.25,0.03773584905660377,18.0,135.0,60.0,20.0,673.0,0,1,0,0,1
2025-09-17,Go First,G8797,DEL,LKO,440,2025-09-17 10:50:00,2025-09-17 11:43:00,2025-09-17 11:45:00,2025-09-17 12:28:00,55.0,45.0,0,0,0.22641509433962265,0.2,0.25,0.03773584905660377,8.0,120.0,60.0,20.0,1035.0,0,1,0,0,0
2025-09-23,Go First,G8930,LKO,DEL,440,2025-09-23 14:40:00,2025-09-23 15:33:00,,,,,1,0,0.375,0.2,0.0,0.125,55.0,135.0,60.0,20.0,583.0,0,1,0,0,1
2025-09-27,Go First,G8167,BOM,JAI,870,2025-09-27 17:30:00,2025-09-27 18:54:00,2025-09-27 17:30:00,2025-09-27 19:04:00,0.0,10.0,0,0,0.34545454545454546,0.2,0.0,0.0,0.0,90.0,60.0,20.0,413.0,0,1,0,0,0
2025-01-07,IndiGo,6E477,BOM,JAI,870,2025-01-07 08:30:00,2025-01-07 09:54:00,2025-01-07 08:30:00,2025-01-07 09:49:00,0.0,-5.0,0,0,0.34545454545454546,0.28,0.0,0.0,0.0,150.0,60.0,20.0,123.0,0,1,0,0,1
2025-01-15,IndiGo,6E254,BLR,LKO,1552,2025-01-15 19:50:00,2025-01-15 22:05:00,2025-01-15 19:50:00,2025-01-15 22:20:00,0.0,15.0,0,0,0.2,0.28,0.0,0.0,0.0,120.0,60.0,20.0,500.0,0,1,0,0,1
2025-01-20,IndiGo,6E692,BOM,JAI,870,2025-01-20 17:50:00,2025-01-20 19:14:00,2025-01-20 18:05:00,2025-01-20 19:19:00,15.0,5.0,0,0,0.34545454545454546,0.28,0.0,0.0,0.0,120.0,60.0,20.0,1009.0,0,1,0,0,1
2025-01-20,IndiGo,6E991,BOM,CCU,1660,2025-01-20 19:40:00,2025-01-20 22:03:00,2025-01-20 19:35:00,2025-01-20 21:53:00,-5.0,-10.0,0,0,0.34545454545454546,0.28,0.25,0.0,15.0,120.0,60.0,20.0,110.0,1,1,0,0,1
2025-01-20,IndiGo,6E211,DEL,GOI,1500,2025-01-20 21:50:00,2025-01-21 00:01:00,2025-01-20 22:05:00,2025-01-21 00:31:00,15.0,30.0,0,0,0.22641509433962265,0.28,0.3333333333333333,0.03773584905660377,-5.0,120.0,60.0,20.0,1086.0,0,1,0,0,0
2025-01-25,IndiGo,6E604,BOM,PNQ,150,2025-01-25 06:40:00,2025-01-25 07:11:00,2025-01-25 06:42:00,2025-01-25 07:13:00,2.0,2.0,0,0,0.34545454545454546,0.28,0.3333333333333333,0.0,15.0,75.0,60.0,20.0,697.0,0,1,0,0,0
2025-02-14,IndiGo,6E791,BOM,LKO,1300,2025-02-14 14:30:00,2025-02-14 16:26:00,2025-02-14 15:00:00,2025-02-14 16:56:00,30.0,30.0,0,0,0.34545454545454546,0.28,0.3333333333333333,0.0,2.0,75.0,60.0,20.0,254.0,0,1,0,0,0
2025-02-18,IndiGo,6E530,BOM,BLR,840,2025-02-18 07:20:00,2025-02-18 08:42:00,2025-02-18 07:20:00,2025-02-18 08:57:00,0.0,15.0,0,0,0.34545454545454546,0.28,0.16666666666666666,0.0,30.0,90.0,60.0,20.0,432.0,0,1,0,0,0
2025-02-18,IndiGo,6E867,DEL,BLR,1740,2025-02-18 11:00:00,2025-02-18 13:29:00,2025-02-18 12:10:00,2025-02-18 14:39:00,70.0,70.0,0,0,0.22641509433962265,0.28,0.3333333333333333,0.03773584905660377,0.0,75.0,60.0,20.0,709.0,0,1,0,0,0
2025-02-18,IndiGo,6E193,BOM,AMD,440,2025-02-18 17:00:00,2025-02-18 17:53:00,2025-02-18 17:22:00,2025-02-18 18:25:00,22.0,32.0,0,0,0.34545454545454546,0.28,0.6,0.0,70.0,120.0,60.0,20.0,447.0,0,1,0,0,0
2025-02-23,IndiGo,6E743,BOM,AMD,440,2025-02-23 13:40:00,2025-02-23 14:33:00,2025-02-23 14:20:00,2025-02-23 15:03:00,40.0,30.0,0,0,0.34545454545454546,0.28,0.6,0.0,22.0,135.0,60.0,20.0,219.0,0,1,0,0,1
2025-03-10,IndiGo,6E396,DEL,COK,2130,2025-03-10 16:15:00,2025-03-10 19:13:00,2025-03-10 16:27:00,2025-03-10 19:30:00,12.0,17.0,0,0,0.22641509433962265,0.28,0.0,0.03773584905660377,40.0,135.0,60.0,20.0,833.0,0,1,0,0,1
2025-03-25,IndiGo,6E156,MAA,PNQ,1526,2025-03-25 07:45:00,2025-03-25 09:58:00,2025-03-25 07:45:00,2025-03-25 09:53:00,0.0,-5.0,0,0,0.2857142857142857,0.28,0.0,0.0,12.0,120.0,60.0,20.0,840.0,0,1,0,0,1
2025-04-03,IndiGo,6E241,HYD,MAA,520,2025-04-03 08:20:00,2025-04-03 09:19:00,2025-04-03 08:20:00,2025-04-03 09:09:00,0.0,-10.0,0,0,0.18181818181818182,0.28,0.0,0.0,0.0,150.0,60.0,20.0,230.0,0,1,0,0,1
2025-04-06,IndiGo,6E328,AMD,GOI,1518,2025-04-06 17:45:00,2025-04-06 19:57:00,2025-04-06 17:40:00,2025-04-06 19:47:00,-5.0,-10.0,0,0,0.375,0.28,0.5,0.0,0.0,120.0,60.0,20.0,409.0,0,1,0,0,1
2025-04-08,IndiGo,6E168,PNQ,DEL,1180,2025-04-08 09:50:00,2025-04-08 11:37:00,2025-04-08 10:25:00,2025-04-08 12:02:00,35.0,25.0,0,0,0.3333333333333333,0.28,0.5,0.0,-5.0,75.0,60.0,20.0,368.0,0,1,0,0,0
2025-04-20,IndiGo,6E366,DEL,COK,2130,2025-04-20 06:10:00,2025-04-20 09:08:00,2025-04-20 06:22:00,2025-04-20 09:15:00,12.0,7.0,0,0,0.22641509433962265,0.28,0.0,0.03773584905660377,35.0,150.0,60.0,20.0,826.0,0,1,0,0,1
2025-04-28,IndiGo,6E187,GOI,JAI,514,2025-04-28 06:00:00,2025-04-28 06:58:00,2025-04-28 06:35:00,2025-04-28 07:33:00,35.0,35.0,0,0,0.4444444444444444,0.28,0.3333333333333333,0.0,12.0,135.0,60.0,20.0,904.0,0,1,0,0,1
2025-05-29,IndiGo,6E825,JAI,AMD,1871,2025-05-29 18:30:00,2025-05-29 21:09:00,2025-05-29 18:38:00,2025-05-29 21:07:00,8.0,-2.0,0,0,0.38461538461538464,0.28,0.0,0.0,35.0,135.0,60.0,20.0,900.0,1,1,0,0,1
2025-06-15,IndiGo,6E826,DEL,AMD,780,2025-06-15 06:15:00,2025-06-15 07:33:00,2025-06-15 06:17:00,2025-06-15 07:25:00,2.0,-8.0,0,0,0.22641509433962265,0.28,0.2,0.03773584905660377,8.0,120.0,60.0,20.0,1133.0,1,1,0,0,1
2025-07-07,IndiGo,6E700,DEL,HYD,1260,2025-07-07 06:45:00,2025-07-07 08:38:00,2025-07-07 07:15:00,2025-07-07 09:03:00,30.0,25.0,0,0,0.22641509433962265,0.28,0.5,0.03773584905660377,2.0,120.0,60.0,20.0,946.0,0,1,0,0,0
2025-08-17,IndiGo,6E103,BLR,MAA,290,2025-08-17 11:40:00,2025-08-17 12:21:00,2025-08-17 11:50:00,2025-08-17 12:26:00,10.0,5.0,0,0,0.2,0.28,0.0,0.0,30.0,75.0,60.0,20.0,453.0,0,1,0,0,0
2025-08-17,IndiGo,6E297,HYD,CCU,1180,2025-08-17 13:40:00,2025-08-17 15:27:00,2025-08-17 13:48:00,2025-08-17 15:45:00,8.0,18.0,0,0,0.18181818181818182,0.28,0.0,0.0,10.0,120.0,60.0,20.0,218.0,0,1,0,0,1
2025-08-29,IndiGo,6E821,BOM,CCU,1660,2025-08-29 06:20:00,2025-08-29 08:43:00,2025-08-29 06:17:00,2025-08-29 08:55:00,-3.0,12.0,0,0,0.34545454545454546,0.28,0.25,0.0,8.0,150.0,60.0,20.0,776.0,1,1,0,0,1
2025-09-20,IndiGo,6E826,DEL,MAA,1760,2025-09-20 21:50:00,2025-09-21 00:20:00,,,,,1,0,0.22641509433962265,0.28,0.125,0.03773584905660377,-3.0,105.0,60.0,20.0,1108.0,0,1,0,0,1
2025-01-20,SpiceJet,SG820,DEL,JAI,240,2025-01-20 20:40:00,2025-01-20 21:18:00,2025-01-20 20:35:00,2025-01-20 21:18:00,-5.0,0.0,0,0,0.22641509433962265,0.3,0.0,0.03773584905660377,0.0,135.0,60.0,20.0,1173.0,0,1,0,0,1
2025-01-25,SpiceJet,SG523,BOM,GOI,430,2025-01-25 19:30:00,2025-01-25 20:22:00,2025-01-25 19:30:00,2025-01-25 20:27:00,0.0,5.0,0,0,0.34545454545454546,0.3,0.4,0.0,-5.0,75.0,60.0,20.0,353.0,0,1,0,0,0
2025-01-30,SpiceJet,SG353,BOM,MAA,1030,2025-01-30 08:20:00,2025-01-30 09:56:00,2025-01-30 08:50:00,2025-01-30 10:21:00,30.0,25.0,0,0,0.34545454545454546,0.3,0.4444444444444444,0.0,0.0,105.0,60.0,20.0,360.0,0,1,0,0,0
2025-02-01,SpiceJet,SG848,JAI,BOM,870,2025-02-01 12:50:00,2025-02-01 14:14:00,2025-02-01 13:30:00,2025-02-01 14:54:00,40.0,40.0,0,0,0.38461538461538464,0.3,0.5,0.0,30.0,120.0,60.0,20.0,141.0,0,1,0,0,0
2025-02-05,SpiceJet,SG252,BOM,LKO,1300,2025-02-05 10:30:00,2025-02-05 12:26:00,2025-02-05 10:32:00,2025-02-05 12:43:00,2.0,17.0,0,0,0.34545454545454546,0.3,0.3333333333333333,0.0,40.0,180.0,60.0,20.0,255.0,0,1,0,0,1
2025-02-06,SpiceJet,SG223,AMD,COK,1895,2025-02-06 14:20:00,2025-02-06 17:00:00,2025-02-06 14:22:00,2025-02-06 17:12:00,2.0,12.0,0,0,0.375,0.3,0.0,0.0,2.0,90.0,60.0,20.0,710.0,0,1,0,0,0
2025-02-13,SpiceJet,SG775,PNQ,GOI,416,2025-02-13 14:15:00,2025-02-13 15:06:00,2025-02-13 14:20:00,2025-02-13 15:01:00,5.0,-5.0,0,0,0.3333333333333333,0.3,0.0,0.0,2.0,90.0,60.0,20.0,702.0,0,1,0,0,1
2025-02-14,SpiceJet,SG903,BLR,GOI,500,2025-02-14 06:45:00,2025-02-14 07:42:00,2025-02-14 06:50:00,2025-02-14 07:52:00,5.0,10.0,0,0,0.2,0.3,0.0,0.0,5.0,105.0,60.0,20.0,508.0,1,1,0,0,0
2025-02-18,SpiceJet,SG490,DEL,BOM,1150,2025-02-18 07:50:00,2025-02-18 09:35:00,2025-02-18 09:50:00,2025-02-18 11:30:00,120.0,115.0,0,0,0.22641509433962265,0.3,0.6666666666666666,0.03773584905660377,5.0,445.0,60.0,20.0,441.0,0,1,0,0,1
2025-02-18,SpiceJet,SG615,BOM,AMD,440,2025-02-18 11:40:00,2025-02-18 12:33:00,2025-02-18 11:48:00,2025-02-18 12:31:00,8.0,-2.0,0,0,0.34545454545454546,0.3,0.6,0.0,120.0,180.0,60.0,20.0,1013.0,0,1,0,0,1
2025-03-15,SpiceJet,SG360,MAA,AMD,1561,2025-03-15 18:50:00,2025-03-15 21:06:00,2025-03-15 19:20:00,2025-03-15 21:41:00,30.0,35.0,0,0,0.2857142857142857,0.3,1.0,0.0,8.0,150.0,60.0,20.0,606.0,0,1,0,0,1
2025-04-03,SpiceJet,SG752,JAI,BOM,870,2025-04-03 14:00:00,2025-04-03 15:24:00,2025-04-03 14:15:00,2025-04-03 15:49:00,15.0,25.0,0,0,0.38461538461538464,0.3,0.5,0.0,30.0,75.0,60.0,20.0,989.0,0,1,0,0,0
2025-04-20,SpiceJet,SG634,DEL,COK,2130,2025-04-20 06:10:00,2025-04-20 09:08:00,2025-04-20 06:15:00,2025-04-20 09:23:00,5.0,15.0,0,0,0.22641509433962265,0.3,0.0,0.03773584905660377,15.0,90.0,60.0,20.0,1160.0,0,1,0,0,0
2025-04-28,SpiceJet,SG997,BOM,LKO,1300,2025-04-28 07:10:00,2025-04-28 09:06:00,2025-04-28 07:25:00,2025-04-28 09:16:00,15.0,10.0,0,0,0.34545454545454546,0.3,0.3333333333333333,0.0,5.0,150.0,60.0,20.0,449.0,1,1,0,0,1
2025-05-02,SpiceJet,SG199,MAA,HYD,520,2025-05-02 15:30:00,2025-05-02 16:29:00,2025-05-02 15:30:00,2025-05-02 16:44:00,0.0,15.0,0,0,0.2857142857142857,0.3,0.0,0.0,15.0,75.0,60.0,20.0,323.0,0,1,0,0,0
2025-05-28,SpiceJet,SG953,GOI,DEL,1500,2025-05-28 08:15:00,2025-05-28 10:26:00,2025-05-28 09:25:00,2025-05-28 11:51:00,70.0,85.0,0,0,0.4444444444444444,0.3,1.0,0.0,0.0,150.0,60.0,20.0,1149.0,1,1,0,0,0
2025-05-29,SpiceJet,SG556,COK,HYD,812,2025-05-29 18:15:00,2025-05-29 19:35:00,,,,,1,0,0.0,0.3,0.0,0.2857142857142857,70.0,90.0,60.0,20.0,798.0,0,1,0,0,0
2025-06-03,SpiceJet,SG354,AMD,CCU,1375,2025-06-03 08:20:00,2025-06-03 10:22:00,2025-06-03 08:50:00,2025-06-03 10:52:00,30.0,30.0,0,0,0.375,0.3,1.0,0.0,0.0,180.0,60.0,20.0,420.0,0,1,0,0,1
2025-06-14,SpiceJet,SG887,DEL,CCU,1300,2025-06-14 20:50:00,2025-06-14 22:46:00,2025-06-14 21:02:00,2025-06-14 22:48:00,12.0,2.0,0,0,0.22641509433962265,0.3,0.3333333333333333,0.03773584905660377,30.0,105.0,60.0,20.0,784.0,0,1,0,0,1
2025-06-15,SpiceJet,SG713,DEL,CCU,1300,2025-06-15 21:20:00,2025-06-15 23:16:00,2025-06-15 21:22:00,2025-06-15 23:28:00,2.0,12.0,0,0,0.22641509433962265,0.3,0.3333333333333333,0.03773584905660377,12.0,120.0,60.0,20.0,667.0,0,1,0,0,1
2025-06-26,SpiceJet,SG748,BLR,COK,360,2025-06-26 19:00:00,2025-06-26 19:47:00,2025-06-26 19:00:00,2025-06-26 19:57:00,0.0,10.0,0,0,0.2,0.3,0.0,0.0,2.0,135.0,60.0,20.0,1096.0,1,1,0,0,1
2025-07-22,SpiceJet,SG751,DEL,AMD,780,2025-07-22 11:40:00,2025-07-22 12:58:00,2025-07-22 11:40:00,2025-07-22 13:13:00,0.0,15.0,0,0,0.22641509433962265,0.3,0.2,0.03773584905660377,0.0,75.0,60.0,20.0,381.0,0,1,0,0,0
2025-08-03,SpiceJet,SG586,DEL,MAA,1760,2025-08-03 20:00:00,2025-08-03 22:30:00,2025-08-03 20:10:00,2025-08-03 22:40:00,10.0,10.0,0,0,0.22641509433962265,0.3,0.125,0.03773584905660377,0.0,120.0,60.0,20.0,1191.0,0,1,0,0,1
2025-08-07,SpiceJet,SG795,JAI,MAA,1033,2025-08-07 08:50:00,2025-08-07 10:27:00,2025-08-07 09:20:00,2025-08-07 10:52:00,30.0,25.0,0,0,0.38461538461538464,0.3,0.5,0.0,10.0,120.0,60.0,20.0,1130.0,0,1,0,0,0
2025-08-11,SpiceJet,SG629,BOM,AMD,440,2025-08-11 08:20:00,2025-08-11 09:13:00,2025-08-11 09:15:00,2025-08-11 10:23:00,55.0,70.0,0,0,0.34545454545454546,0.3,0.6,0.0,30.0,150.0,60.0,20.0,298.0,0,1,0,0,0
2025-08-11,SpiceJet,SG619,DEL,COK,2130,2025-08-11 13:15:00,2025-08-11 16:13:00,2025-08-11 13:25:00,2025-08-11 16:18:00,10.0,5.0,0,0,0.22641509433962265,0.3,0.0,0.03773584905660377,55.0,180.0,60.0,20.0,281.0,0,1,0,0,1
2025-09-05,SpiceJet,SG596,BOM,COK,1050,2025-09-05 08:00:00,2025-09-05 09:38:00,2025-09-05 08:40:00,2025-09-05 10:13:00,40.0,35.0,0,0,0.34545454545454546,0.3,0.6666666666666666,0.0,10.0,135.0,60.0,20.0,687.0,0,1,0,0,1
2025-09-06,SpiceJet,SG916,COK,LKO,933,2025-09-06 15:20:00,2025-09-06 16:49:00,2025-09-06 15:20:00,2025-09-06 16:54:00,0.0,5.0,0,0,0.0,0.3,0.0,0.2857142857142857,40.0,105.0,60.0,20.0,149.0,0,1,0,0,1
2025-09-10,SpiceJet,SG670,BLR,AMD,1734,2025-09-10 06:50:00,2025-09-10 09:18:00,2025-09-10 06:50:00,2025-09-10 09:18:00,0.0,0.0,0,0,0.2,0.3,0.5,0.0,0.0,105.0,60.0,20.0,428.0,0,1,0,0,1
2025-09-22,SpiceJet,SG530,JAI,GOI,1345,2025-09-22 18:15:00,2025-09-22 20:15:00,2025-09-22 18:25:00,2025-09-22 20:15:00,10.0,0.0,0,0,0.38461538461538464,0.3,0.0,0.0,0.0,105.0,60.0,20.0,579.0,0,1,0,0,1
2025-01-05,Vistara,UK910,HYD,MAA,520,2025-01-05 15:50:00,2025-01-05 16:49:00,2025-01-05 16:00:00,2025-01-05 16:59:00,10.0,10.0,0,0,0.18181818181818182,0.13043478260869565,0.0,0.0,0.0,150.0,60.0,20.0,1167.0,0,1,0,0,1
2025-01-30,Vistara,UK354,BOM,COK,1050,2025-01-30 09:30:00,2025-01-30 11:08:00,2025-01-30 09:48:00,2025-01-30 11:26:00,18.0,18.0,0,0,0.34545454545454546,0.13043478260869565,0.6666666666666666,0.0,10.0,105.0,60.0,20.0,1192.0,0,1,0,0,0
2025-02-05,Vistara,UK897,DEL,BOM,1150,2025-02-05 07:00:00,2025-02-05 08:45:00,2025-02-05 07:00:00,2025-02-05 08:45:00,0.0,0.0,0,0,0.22641509433962265,0.13043478260869565,0.6666666666666666,0.03773584905660377,18.0,105.0,60.0,20.0,266.0,0,1,0,0,1
2025-02-05,Vistara,UK598,DEL,AMD,780,2025-02-05 08:20:00,2025-02-05 09:38:00,2025-02-05 09:00:00,2025-02-05 10:18:00,40.0,40.0,0,0,0.22641509433962265,0.13043478260869565,0.2,0.03773584905660377,0.0,90.0,60.0,20.0,1081.0,0,1,0,0,0
2025-02-14,Vistara,UK862,DEL,COK,2130,2025-02-14 08:00:00,2025-02-14 10:58:00,2025-02-14 08:00:00,2025-02-14 11:13:00,0.0,15.0,0,0,0.22641509433962265,0.13043478260869565,0.0,0.03773584905660377,40.0,105.0,60.0,20.0,200.0,1,1,0,0,0
2025-03-09,Vistara,UK121,CCU,BLR,1560,2025-03-09 06:10:00,2025-03-09 08:26:00,2025-03-09 06:10:00,2025-03-09 08:41:00,0.0,15.0,0,0,0.0,0.13043478260869565,0.0,0.0,0.0,75.0,60.0,20.0,924.0,0,1,0,0,0
2025-04-15,Vistara,UK836,JAI,PNQ,1223,2025-04-15 07:00:00,2025-04-15 08:51:00,2025-04-15 07:05:00,2025-04-15 09:01:00,5.0,10.0,0,0,0.38461538461538464,0.13043478260869565,0.0,0.0,0.0,75.0,60.0,20.0,1031.0,0,1,0,0,0
2025-04-20,Vistara,UK232,BOM,CCU,1660,2025-04-20 06:20:00,2025-04-20 08:43:00,2025-04-20 06:20:00,2025-04-20 08:33:00,0.0,-10.0,0,0,0.34545454545454546,0.13043478260869565,0.25,0.0,5.0,75.0,60.0,20.0,1080.0,0,1,0,0,0
2025-04-20,Vistara,UK775,BOM,JAI,870,2025-04-20 08:50:00,2025-04-20 10:14:00,2025-04-20 09:00:00,2025-04-20 10:14:00,10.0,0.0,0,0,0.34545454545454546,0.13043478260869565,0.0,0.0,0.0,150.0,60.0,20.0,345.0,0,1,0,0,1
2025-04-20,Vistara,UK161,DEL,COK,2130,2025-04-20 13:40:00,2025-04-20 16:38:00,2025-04-20 13:48:00,2025-04-20 16:56:00,8.0,18.0,0,0,0.22641509433962265,0.13043478260869565,0.0,0.03773584905660377,10.0,150.0,60.0,20.0,1083.0,0,1,0,0,1
2025-04-28,Vistara,UK450,MAA,HYD,520,2025-04-28 09:15:00,2025-04-28 10:14:00,2025-04-28 09:17:00,2025-04-28 10:31:00,2.0,17.0,0,0,0.2857142857142857,0.13043478260869565,0.0,0.0,8.0,135.0,60.0,20.0,227.0,0,1,0,0,1
2025-06-06,Vistara,UK764,COK,JAI,1097,2025-06-06 16:30:00,2025-06-06 18:11:00,2025-06-06 16:35:00,2025-06-06 18:26:00,5.0,15.0,0,0,0.0,0.13043478260869565,0.0,0.2857142857142857,2.0,120.0,60.0,20.0,671.0,0,1,0,0,1
2025-06-13,Vistara,UK228,GOI,LKO,1103,2025-06-13 18:00:00,2025-06-13 19:42:00,2025-06-13 18:10:00,2025-06-13 19:52:00,10.0,10.0,0,0,0.4444444444444444,0.13043478260869565,0.0,0.0,5.0,150.0,60.0,20.0,616.0,0,1,0,0,1
2025-06-15,Vistara,UK323,DEL,COK,2130,2025-06-15 12:15:00,2025-06-15 15:13:00,2025-06-15 12:20:00,2025-06-15 15:33:00,5.0,20.0,0,0,0.22641509433962265,0.13043478260869565,0.0,0.03773584905660377,10.0,90.0,60.0,20.0,447.0,1,1,0,0,0
2025-07-22,Vistara,UK249,BOM,GOI,430,2025-07-22 14:30:00,2025-07-22 15:22:00,2025-07-22 14:52:00,2025-07-22 15:34:00,22.0,12.0,0,0,0.34545454545454546,0.13043478260869565,0.4,0.0,5.0,180.0,60.0,20.0,124.0,0,1,0,0,1
2025-07-22,Vistara,UK356,BOM,LKO,1300,2025-07-22 16:50:00,2025-07-22 18:46:00,2025-07-22 17:02:00,2025-07-22 19:03:00,12.0,17.0,0,0,0.34545454545454546,0.13043478260869565,0.3333333333333333,0.0,22.0,120.0,60.0,20.0,949.0,0,1,0,0,1
2025-07-23,Vistara,UK222,BOM,GOI,430,2025-07-23 07:30:00,2025-07-23 08:22:00,2025-07-23 07:30:00,2025-07-23 08:12:00,0.0,-10.0,0,0,0.34545454545454546,0.13043478260869565,0.4,0.0,12.0,180.0,60.0,20.0,469.0,0,1,0,0,1
2025-08-03,Vistara,UK439,BOM,BLR,840,2025-08-03 06:40:00,2025-08-03 08:02:00,2025-08-03 06:45:00,2025-08-03 08:02:00,5.0,0.0,0,0,0.34545454545454546,0.13043478260869565,0.16666666666666666,0.0,0.0,90.0,60.0,20.0,828.0,0,1,0,0,0
2025-08-11,Vistara,UK868,DEL,CCU,1300,2025-08-11 06:00:00,2025-08-11 07:56:00,2025-08-11 05:57:00,2025-08-11 08:03:00,-3.0,7.0,0,0,0.22641509433962265,0.13043478260869565,0.3333333333333333,0.03773584905660377,5.0,120.0,60.0,20.0,551.0,0,1,0,0,1
2025-08-11,Vistara,UK246,BOM,MAA,1030,2025-08-11 06:50:00,2025-08-11 08:26:00,2025-08-11 06:50:00,2025-08-11 08:16:00,0.0,-10.0,0,0,0.34545454545454546,0.13043478260869565,0.4444444444444444,0.0,-3.0,135.0,60.0,20.0,511.0,0,1,0,0,1
2025-09-17,Vistara,UK881,DEL,AMD,780,2025-09-17 07:40:00,2025-09-17 08:58:00,2025-09-17 07:40:00,2025-09-17 08:58:00,0.0,0.0,0,0,0.22641509433962265,0.13043478260869565,0.2,0.03773584905660377,0.0,120.0,60.0,20.0,1075.0,1,1,0,0,1
2025-09-17,Vistara,UK336,DEL,GOI,1500,2025-09-17 21:10:00,2025-09-17 23:21:00,2025-09-17 21:05:00,2025-09-17 23:06:00,-5.0,-15.0,0,0,0.22641509433962265,0.13043478260869565,0.3333333333333333,0.03773584905660377,0.0,120.0,60.0,20.0,204.0,0,1,0,0,1
2025-09-20,Vistara,UK158,BOM,BLR,840,2025-09-20 21:20:00,2025-09-20 22:42:00,2025-09-20 21:20:00,2025-09-20 22:42:00,0.0,0.0,0,0,0.34545454545454546,0.13043478260869565,0.16666666666666666,0.0,-5.0,90.0,60.0,20.0,911.0,0,1,0,0,0
